{
	"class_name" : "PinholeCameraParameters",
	"extrinsic" : 
	[
		0.8877536294780688,
		-0.1807627292608126,
		0.42334185838244021,
		0.0,
		-0.45847506620715323,
		-0.42944837240202421,
		0.77805829415770578,
		0.0,
		0.041159531276028109,
		-0.88481576113416671,
		-0.46411955553898299,
		0.0,
		-44.032275412104454,
		69.760964146076475,
		-15.437820963234138,
		1.0
	],
	"intrinsic" : 
	{
		"height" : 1016,
		"intrinsic_matrix" : 
		[
			879.88181024498977,
			0.0,
			0.0,
			0.0,
			879.88181024498977,
			0.0,
			932.5,
			507.5,
			1.0
		],
		"width" : 1866
	},
	"version_major" : 1,
	"version_minor" : 0
}