{
	"class_name" : "PinholeCameraParameters",
	"extrinsic" : 
	[
		0.87511587175868943,
		0.10998495451201297,
		0.47124889472233211,
		0.0,
		-0.48100567836086827,
		0.30429881184188406,
		0.82221394447930574,
		0.0,
		-0.052969315463107562,
		-0.9462058670778829,
		0.31920010765468376,
		0.0,
		5.8467446418662963,
		42.925033810252799,
		-5.2543335754766876,
		1.0
	],
	"intrinsic" : 
	{
		"height" : 1016,
		"intrinsic_matrix" : 
		[
			879.88181024498977,
			0.0,
			0.0,
			0.0,
			879.88181024498977,
			0.0,
			932.5,
			507.5,
			1.0
		],
		"width" : 1866
	},
	"version_major" : 1,
	"version_minor" : 0
}