{
	"class_name" : "PinholeCameraParameters",
	"extrinsic" : 
	[
		-0.63504738113527592,
		-0.50345425176668279,
		0.58587425279771199,
		0.0,
		-0.77230468920684103,
		0.39795718956661996,
		-0.49515203958113913,
		0.0,
		0.016133528515248408,
		-0.76691843872101995,
		-0.64154175047876727,
		0.0,
		-0.96274507321392488,
		6.146541520779202,
		18.226245833545345,
		1.0
	],
	"intrinsic" : 
	{
		"height" : 1016,
		"intrinsic_matrix" : 
		[
			879.88181024498977,
			0.0,
			0.0,
			0.0,
			879.88181024498977,
			0.0,
			932.5,
			507.5,
			1.0
		],
		"width" : 1866
	},
	"version_major" : 1,
	"version_minor" : 0
}