{
	"class_name" : "PinholeCameraParameters",
	"extrinsic" : 
	[
		0.90865094972827642,
		0.017381523832407236,
		0.41719459990173041,
		0.0,
		-0.40080610285885804,
		-0.24384525070725299,
		0.88311605218035283,
		0.0,
		0.11708082451450375,
		-0.96965838125433668,
		-0.21460359781285959,
		0.0,
		-6.9311385054838102,
		-1.0866613484772354,
		13.070793677964181,
		1.0
	],
	"intrinsic" : 
	{
		"height" : 1016,
		"intrinsic_matrix" : 
		[
			879.88181024498977,
			0.0,
			0.0,
			0.0,
			879.88181024498977,
			0.0,
			932.5,
			507.5,
			1.0
		],
		"width" : 1866
	},
	"version_major" : 1,
	"version_minor" : 0
}