{
	"class_name" : "PinholeCameraParameters",
	"extrinsic" : 
	[
		0.007907805228369022,
		-0.39786057110070416,
		0.91741181188160636,
		0.0,
		-0.99971414059538621,
		-0.023846658140481623,
		-0.0017245257781189412,
		0.0,
		0.022563326662940787,
		-0.91713592387331155,
		-0.39793541364265245,
		0.0,
		1.5397502540266186,
		0.65859831781396139,
		29.584703585071015,
		1.0
	],
	"intrinsic" : 
	{
		"height" : 1016,
		"intrinsic_matrix" : 
		[
			879.88181024498977,
			0.0,
			0.0,
			0.0,
			879.88181024498977,
			0.0,
			932.5,
			507.5,
			1.0
		],
		"width" : 1866
	},
	"version_major" : 1,
	"version_minor" : 0
}