{
	"class_name" : "ViewTrajectory",
	"interval" : 29,
	"is_loop" : false,
	"trajectory" : 
	[
		{
			"boundingbox_max" : [ 3.9660897254943848, 2.427476167678833, 2.55859375 ],
			"boundingbox_min" : [ 0.55859375, 0.83203125, 0.56663715839385986 ],
			"field_of_view" : 60.0,
			"front" : [ -0.1836072642177623, -0.29626304929213054, -0.93729215197322424 ],
			"lookat" : [ 2.2623417377471924, 1.6297537088394165, 1.5626154541969299 ],
			"up" : [ 0.071087089407152138, -0.95500723168057855, 0.28793716876675973 ],
			"zoom" : 0.69999999999999996
		}
	],
	"version_major" : 1,
	"version_minor" : 0
}