{
	"class_name" : "ViewTrajectory",
	"interval" : 29,
	"is_loop" : false,
	"trajectory" : 
	[
		{
			"boundingbox_max" : [ 77.967330932617188, 44.878612518310547, 2.8253412246704102 ],
			"boundingbox_min" : [ -78.087394714355469, -55.723411560058594, -11.556541442871094 ],
			"field_of_view" : 60.0,
			"front" : [ -0.7931500281745606, -0.16968654838019609, 0.58490982903821109 ],
			"lookat" : [ 3.1123196044447163, -3.0209463799997525, 0.81233073158253311 ],
			"up" : [ 0.54283882556330632, 0.23844648834772708, 0.80527590405753946 ],
			"zoom" : 0.1799999999999996
		}
	],
	"version_major" : 1,
	"version_minor" : 0
}
