{
	"class_name" : "ViewTrajectory",
	"interval" : 29,
	"is_loop" : false,
	"trajectory" : 
	[
		{
			"boundingbox_max" : [ 135.378662109375, 122.82857894897461, 60.95561408996582 ],
			"boundingbox_min" : [ 11.378662109375, -6.1714210510253906, 29.95561408996582 ],
			"field_of_view" : 60.0,
			"front" : [ -0.71472891134727545, -0.48645374426662935, 0.50251899264934796 ],
			"lookat" : [ 75.223647474800316, 52.485003766883906, 44.278215713767629 ],
			"up" : [ 0.38452447170295012, 0.32685474558140021, 0.86331159262023438 ],
			"zoom" : 0.079999999999999613
		}
	],
	"version_major" : 1,
	"version_minor" : 0
}