{
	"class_name" : "ViewTrajectory",
	"interval" : 29,
	"is_loop" : false,
	"trajectory" : 
	[
		{
			"boundingbox_max" : [ 65.387305393553106, 68.942770543508232, 22.500369846191404 ],
			"boundingbox_min" : [ -76.424385890626581, -59.060758051462471, -9.4011709100341818 ],
			"field_of_view" : 60.0,
			"front" : [ -0.28888568530488612, -0.92702979493623805, 0.23908329119033583 ],
			"lookat" : [ -13.824716511004906, 4.327738857962462, -0.73914479410240486 ],
			"up" : [ 0.05916277430838026, 0.23196681575096406, 0.97092284066577306 ],
			"zoom" : 0.080000000000000002
		}
	],
	"version_major" : 1,
	"version_minor" : 0
}