{
	"class_name" : "ViewTrajectory",
	"interval" : 29,
	"is_loop" : false,
	"trajectory" : 
	[
		{
			"boundingbox_max" : [ 57.089431762695312, 50.449020385742188, 15.352509021759033 ],
			"boundingbox_min" : [ -47.910568237304688, -58.550979614257812, -2.6474909782409668 ],
			"field_of_view" : 60.0,
			"front" : [ -0.65532787957187477, 0.46580554966511123, 0.59461799515068015 ],
			"lookat" : [ 4.1463263405295114, -2.8723664817166807, 6.1218371153033999 ],
			"up" : [ 0.4709836046205873, -0.36345319875989157, 0.80378866407147154 ],
			"zoom" : 0.11999999999999962
		}
	],
	"version_major" : 1,
	"version_minor" : 0
}