{
	"class_name" : "ViewTrajectory",
	"interval" : 29,
	"is_loop" : false,
	"trajectory" : 
	[
		{
			"boundingbox_max" : [ 56.391983032226562, 49.904594421386719, 14.686855316162109 ],
			"boundingbox_min" : [ -47.410568237304688, -58.050979614257812, -2.1474909782409668 ],
			"field_of_view" : 60.0,
			"front" : [ 0.16702213775068148, 0.71864943865534292, 0.67501599227096309 ],
			"lookat" : [ 3.8789576270769048, -3.4741653340883847, -0.21701603373296077 ],
			"up" : [ 0.095473872668947218, -0.69320414834382049, 0.71438977341260446 ],
			"zoom" : 0.080000000000000002
		}
	],
	"version_major" : 1,
	"version_minor" : 0
}