{
	"class_name" : "ViewTrajectory",
	"interval" : 29,
	"is_loop" : false,
	"trajectory" : 
	[
		{
			"boundingbox_max" : [ 79.895136115702542, 111.92443120196494, 23.244963665265509 ],
			"boundingbox_min" : [ -57.778073978828516, -91.500005473930401, 0.30000248551368713 ],
			"field_of_view" : 90.0,
			"front" : [ -0.64910327281425551, 0.6003162306162827, 0.46721019304000672 ],
			"lookat" : [ 5.0243104195773354, -2.2470415834357125, 4.9589540248888389 ],
			"up" : [ 0.44582612805692023, -0.19743289197224129, 0.87307463410023067 ],
			"zoom" : 0.02
		}
	],
	"version_major" : 1,
	"version_minor" : 0
}